fips,year,bartik_alt,bartik_alt_amb,bartik_alt_hosp,bartik_alt_nh
26067,2014,0.0350132625994695,0.01479516651930445,0.0,0.020218096080165046
26067,2015,0.03566090528560623,0.015296977318448254,0.0,0.02036392796715798
26067,2016,0.036304399014075076,0.01577404536198647,0.0,0.020530353652088603
26067,2017,0.03685768992707187,0.01622444174313611,0.0,0.02063324818393576
26067,2018,0.037468411230340386,0.016713858813297712,0.0,0.020754552417042674
26067,2019,0.038031435826192055,0.017177587672964727,0.0,0.020853848153227328
26067,2020,0.036484721058519465,0.01667641611755202,0.0,0.019808304940967445
26067,2021,0.03621505081580721,0.01753165494109814,0.0,0.01868339587470907
26067,2022,0.03667260600738163,0.018123172198799335,0.0,0.018549433808582302
26067,2023,0.038434894262091776,0.018873758330117375,0.0,0.019561135931974404
26073,2014,0.0957617756352315,0.04218137993371497,0.0,0.05358039570151652
26073,2015,0.09757892254809242,0.04361205473861882,0.0,0.0539668678094736
26073,2016,0.09938010331334675,0.04497218734493068,0.0,0.05440791596841607
26073,2017,0.10093687729352686,0.04625627839245317,0.0,0.05468059890107369
26073,2018,0.10265368813912149,0.0476516183743044,0.0,0.055002069764817085
26073,2019,0.10423893609711636,0.04897372064265808,0.0,0.05526521545445828
26073,2020,0.10003926804254326,0.047544868337193916,0.0,0.05249439970534934
26073,2021,0.09949642990452981,0.04998317504384654,0.0,0.04951325486068327
26073,2022,0.10082784435715222,0.051669605145994266,0.0,0.049158239211157966
26073,2023,0.10564891646821058,0.053809544479342976,0.0,0.0518393719888676
26113,2014,,0.03943973461113159,,0.06892738665683745
26113,2015,,0.04077742045045,,0.06942455566928069
26113,2016,,0.04204914909264196,,0.06999193290843111
26113,2017,,0.0432497786171004,,0.07034272020083404
26113,2018,,0.04455442627592503,,0.07075626971337563
26113,2019,,0.04579059642196064,,0.07109478801768271
26113,2020,,0.04445461462585616,,0.06753032967441816
26113,2021,,0.04673443974210509,,0.0636952978367843
26113,2022,,0.0483112576597135,,0.06323859533162966
26113,2023,,0.050312108260709046,,0.06668768287993761
26107,2014,0.06608088589311507,0.033702455464612424,0.0,0.03237843042850265
26107,2015,0.06745752285224088,0.034845548790918605,0.0,0.032611974061322276
26107,2016,0.06881077747700229,0.03593227968171039,0.0,0.032878497795291894
26107,2017,0.07000153326902912,0.03695825420908813,0.0,0.03304327905994099
26107,2018,0.07131065808984234,0.03807311540306122,0.0,0.03323754268678112
26107,2019,0.07252602110651425,0.0391294604749596,0.0,0.033396560631554655
26107,2020,0.06970999046185121,0.037987823305523985,0.0,0.031722167156327225
26107,2021,0.06985667596747716,0.03993600336315038,0.0,0.029920672604326782
26107,2022,0.07098958033014433,0.04128344233980621,0.0,0.029706137990338118
26107,2023,0.07431956655540124,0.042993230170182806,0.0,0.03132633638521844
26099,2014,0.12550850405521685,0.0641181962981271,0.03513300745134655,0.026257300305743213
26099,2015,0.1283757965894478,0.06629290675387227,0.03563619723316187,0.026446692602413682
26099,2016,0.13153792393802863,0.06836038888888137,0.03651470492466001,0.02666283012448726
26099,2017,0.1341896794914199,0.07031228334987569,0.037080936588656924,0.026796459552887304
26099,2018,0.13678693621056479,0.07243328278136779,0.037399655715227804,0.026953997713969193
26099,2019,0.13939955458846767,0.07444295654978673,0.037873644662727426,0.02708295337595351
26099,2020,0.13528853334238694,0.07227101640115363,0.03729241358231834,0.025725103358914966
26099,2021,0.13758271092849197,0.0759773870390481,0.03734114321347019,0.02426418067597368
26099,2022,0.1401711161782676,0.07854086069738973,0.03754005173062072,0.024090203750257163
26099,2023,0.14613095712637295,0.08179369525276346,0.03893315762705753,0.025404104246551946
26111,2014,0.045792633748543775,0.045792633748543775,0.0,0.0
26111,2015,0.04734579221460588,0.04734579221460588,0.0,0.0
26111,2016,0.048822369187387846,0.048822369187387846,0.0,0.0
26111,2017,0.05021639449266199,0.05021639449266199,0.0,0.0
26111,2018,0.05173119303277664,0.05173119303277664,0.0,0.0
26111,2019,0.053166483794908584,0.053166483794908584,0.0,0.0
26111,2020,0.05161530385703783,0.05161530385703783,0.0,0.0
26111,2021,0.05426236012119566,0.05426236012119566,0.0,0.0
26111,2022,0.05609316973746534,0.05609316973746534,0.0,0.0
26111,2023,0.05841631464856427,0.05841631464856427,0.0,0.0
26105,2014,0.04424379232505643,0.04424379232505643,0.0,0.0
26105,2015,0.04574441840823165,0.04574441840823165,0.0,0.0
26105,2016,0.0471710532092449,0.0471710532092449,0.0,0.0
26105,2017,0.04851792848270269,0.04851792848270269,0.0,0.0
26105,2018,0.049981492085336976,0.049981492085336976,0.0,0.0
26105,2019,0.0513682370966535,0.0513682370966535,0.0,0.0
26105,2020,0.049869522622032786,0.049869522622032786,0.0,0.0
26105,2021,0.052427047665629195,0.052427047665629195,0.0,0.0
26105,2022,0.054195933921304056,0.054195933921304056,0.0,0.0
26105,2023,0.05644050324553388,0.05644050324553388,0.0,0.0
26139,2014,0.06246860317366508,0.032908798991361565,0.0,0.029559804182303518
26139,2015,0.06379799093970731,0.03402497370282364,0.0,0.029773017236883668
26139,2016,0.06510245264270534,0.03508611325333268,0.0,0.030016339389372655
26139,2017,0.06625470320531435,0.03608792718725163,0.0,0.030166776018062717
26139,2018,0.06752066309558469,0.03717653460264464,0.0,0.030344128492940048
26139,2019,0.06869730740119953,0.03820800388751975,0.0,0.030489303513679785
26139,2020,0.06605392137004736,0.037093251042004616,0.0,0.028960670328042736
26139,2021,0.06631155410429136,0.03899555356066604,0.0,0.027316000543625325
26139,2022,0.06743140352637156,0.04031126180282816,0.0,0.027120141723543406
26139,2023,0.07058008362502294,0.04198078597405123,0.0,0.028599297650971713
26065,2014,0.0638170221799688,0.0638170221799688,0.0,0.0
26065,2015,0.06598151764930493,0.06598151764930493,0.0,0.0
26065,2016,0.06803928846763999,0.06803928846763999,0.0,0.0
26065,2017,0.06998201454700524,0.06998201454700524,0.0,0.0
26065,2018,0.072093051281942,0.072093051281942,0.0,0.0
26065,2019,0.07409328526945733,0.07409328526945733,0.0,0.0
26065,2020,0.07193154709462767,0.07193154709462767,0.0,0.0
26065,2021,0.07562050827665964,0.07562050827665964,0.0,0.0
26065,2022,0.07817194086143639,0.07817194086143639,0.0,0.0
26065,2023,0.0814094962973824,0.0814094962973824,0.0,0.0
26071,2014,0.028963980690679538,0.028963980690679538,0.0,0.0
26071,2015,0.02994635816360702,0.02994635816360702,0.0,0.0
26071,2016,0.030880297608164936,0.030880297608164936,0.0,0.0
26071,2017,0.031762022870922134,0.031762022870922134,0.0,0.0
26071,2018,0.03272013757354165,0.03272013757354165,0.0,0.0
26071,2019,0.033627963363780725,0.033627963363780725,0.0,0.0
26071,2020,0.03264683731597644,0.03264683731597644,0.0,0.0
26071,2021,0.034321108486820545,0.034321108486820545,0.0,0.0
26071,2022,0.03547910116016468,0.03547910116016468,0.0,0.0
26071,2023,0.036948497411016044,0.036948497411016044,0.0,0.0
26059,2014,,0.04112111292962357,,0.024652209492635024
26059,2015,,0.04251582643379216,,0.024830024367715326
26059,2016,,0.04384177088111236,,0.025032949550858063
26059,2017,,0.04509358514276211,,0.025158410303675004
26059,2018,,0.04645385199650394,,0.02530631826469359
26059,2019,,0.04774272203268853,,0.025427390955239906
26059,2020,,0.04634978521779353,,0.02415254538125336
26059,2021,,0.04872680288764885,,0.022780927902950252
26059,2022,,0.05037084304914448,,0.02261758606773842
26059,2023,,0.05245699307855216,,0.023851168725131853
26075,2014,0.08168270915349259,0.05099243564111548,0.0,0.030690273512377107
26075,2015,0.08363359746313237,0.052721956890232194,0.0,0.03091164057290018
26075,2016,0.08553046894423869,0.05436620073668123,0.0,0.03116426820755745
26075,2017,0.08723897714080837,0.05591851908665032,0.0,0.031320458054158055
26075,2018,0.08910991770190398,0.057605324599742436,0.0,0.03150459310216154
26075,2019,0.09085891426144138,0.05920359414274788,0.0,0.03165532011869351
26075,2020,0.08754450278945076,0.05747627608578683,0.0,0.030068226703663936
26075,2021,0.08878456743076943,0.060423908382493764,0.0,0.02836065904827566
26075,2022,0.09061991827126906,0.06246260836296247,0.0,0.028157309908306588
26075,2023,0.09474258271395423,0.06504954883060841,0.0,0.029693033883345824
26061,2014,0.20461969202053198,0.03978068128791414,0.1301913205786281,0.03464769015398973
26061,2015,0.20808350860377695,0.041129931087943536,0.13205597569780428,0.034897601818029145
26061,2016,0.2129068935349854,0.04241265350731477,0.1353114350163102,0.03518280501136043
26061,2017,0.21639249976147515,0.04362366217479857,0.1374097025270344,0.03535913505964216
26061,2018,0.21909737227653842,0.04493958818749739,0.13859077033170197,0.03556701375733907
26061,2019,0.22227083808118558,0.046186444716374675,0.14034721680444148,0.035737176560369434
26061,2020,0.21697771241877245,0.04483891369058813,0.13819336641105878,0.03394543231712555
26061,2021,0.217530068704402,0.04713844732680288,0.138373942327873,0.032017679049726105
26061,2022,0.21962803669371056,0.04872889644234406,0.13911103158953175,0.031788108661834735
26061,2023,0.22854232530640906,0.0507470438981454,0.1442734218749108,0.03352185953335284
26049,2014,0.1828050331009689,0.08538734709982901,0.056635538603182954,0.04078214739795695
26049,2015,0.1868064511021256,0.08828344785199202,0.05744669672428017,0.0410763065258534
26049,2016,0.19131163576163457,0.0910367507344356,0.05886287939363855,0.04141200563356044
26049,2017,0.19503134184749946,0.09363612344710849,0.05977566305752078,0.04161955534287018
26049,2018,0.19861438428127398,0.09646069626904619,0.06028944854603825,0.041864239466189564
26049,2019,0.2022550787044031,0.09913701471729958,0.061053533982526206,0.04206453000457729
26049,2020,0.19631672712384934,0.09624460323259275,0.06011657077670147,0.03995555311455513
26049,2021,0.19906205418764122,0.10118044320330877,0.06019512451025363,0.03768648647407882
26049,2022,0.2025263083905623,0.10459426685530814,0.06051577144084109,0.03741627009441307
26049,2023,0.21114461344785374,0.10892612472521093,0.0627615029764983,0.03945698574614449
26101,2014,0.0871230253709909,0.06893250359023456,0.0,0.018190521780756343
26101,2015,0.08959223082563704,0.0712705019269525,0.0,0.018321728898684535
26101,2016,0.0919646852799191,0.07349322071697596,0.0,0.01847146456294314
26101,2017,0.09415571324972799,0.07559167294596014,0.0,0.018564040303767848
26101,2018,0.09654510689908641,0.07787192737243229,0.0,0.018673179526654125
26101,2019,0.09879501463889172,0.08003249726140133,0.0,0.018762517377490396
26101,2020,0.09551930383729575,0.07769747723998192,0.0,0.017821826597313826
26101,2021,0.09849186946277044,0.08168214028501622,0.0,0.016809729177754217
26101,2022,0.10112729357828212,0.08443809206406318,0.0,0.01668920151421894
26101,2023,0.10553461028607457,0.0879351653227083,0.0,0.017599444963366264
26115,2014,0.08979282890863727,0.05085363460514143,0.0,0.038939194303495836
26115,2015,0.09179850843385318,0.05257844811009769,0.0,0.03922006032375549
26115,2016,0.09375880546098976,0.05421821633685115,0.0,0.03954058912413861
26115,2017,0.09550506890976826,0.05576630928765214,0.0,0.03973875962211613
26115,2018,0.09742090975128723,0.0574485233285041,0.0,0.03997238642278312
26115,2019,0.09920606818670141,0.05904244239353089,0.0,0.040163625793170524
26115,2020,0.09546978005859821,0.057319826083657384,0.0,0.03814995397494082
26115,2021,0.09624286183977168,0.06025943494686268,0.0,0.035983426892909
26115,2022,0.09801800724440765,0.06229258560093088,0.0,0.035725421643476765
26115,2023,0.1025464013975089,0.06487248443558953,0.0,0.037673916961919365
26129,2014,0.16099449765640922,0.10434073772162217,0.0,0.05665375993478704
26129,2015,0.16494208467174215,0.10787968464128163,0.0,0.057062400030460536
26129,2016,0.1687728835649955,0.11124413691299072,0.0,0.05752874665200479
26129,2017,0.17223756184582675,0.11442049120511612,0.0,0.05781707064071063
26129,2018,0.176029014202007,0.11787203317239213,0.0,0.05815698102961489
26129,2019,0.17957763353038603,0.12114241281004813,0.0,0.0584352207203379
26129,2020,0.17311344541837886,0.1176079740628651,0.0,0.055505471355513744
26129,2021,0.17599274863495584,0.12363942018822914,0.0,0.05235332844672669
26129,2022,0.1797889578721397,0.1278110087244638,0.0,0.0519779491476759
26129,2023,0.1879172784546653,0.13310440711664523,0.0,0.05481287133802007
26089,2014,,0.04705355142280977,,0.05086264844275151
26089,2015,,0.04864947670092177,,0.051229517606418286
26089,2016,,0.05016671178506328,,0.05164819457139595
26089,2017,,0.051599122109977184,,0.05190704626441752
26089,2018,,0.053155631206917874,,0.05221221122845128
26089,2019,,0.05463044324881767,,0.052462009434048835
26089,2020,,0.053036550978427056,,0.04983173719545508
26089,2021,,0.05575649494864218,,0.04700180434023953
26089,2022,,0.05763771660751344,,0.04666479607561095
26089,2023,,0.060024830201749736,,0.049209934313496774
26103,2014,0.11702567399990815,0.07128094428879805,0.0,0.04574472971111009
26103,2015,0.11977327882737829,0.07369859518651625,0.0,0.04607468364086204
26103,2016,0.12244827146309167,0.07599703911339217,0.0,0.046451232349699494
26103,2017,0.12485102065871688,0.07816698287919667,0.0,0.04668403777952021
26103,2018,0.12748341893741302,0.08052492260678655,0.0,0.04695849633062647
26103,2019,0.12994225955653838,0.08275910030042068,0.0,0.0471831592561177
26103,2020,0.1251620803517185,0.08034452918532768,0.0,0.04481755116639081
26103,2021,0.12673731729384152,0.08446494451524411,0.0,0.042272372778597404
26103,2022,0.12928406305953977,0.08731478798520755,0.0,0.04196927507433223
26103,2023,0.13518931752495184,0.0909310019791911,0.0,0.04425831554576073
26117,2014,0.15619915392124958,0.034249918646274,0.12194923527497559,0.0
26117,2015,0.15910742416224954,0.03541158039736492,0.12369584376488464,0.0
26117,2016,0.1632611722964012,0.03651596416071097,0.1267452081356902,0.0
26117,2017,0.1662692442371458,0.03755860463338317,0.12871063960376264,0.0
26117,2018,0.1685085126229935,0.03869157564896864,0.12981693697402485,0.0
26117,2019,0.17122726724068157,0.03976508000573282,0.13146218723494876,0.0
26117,2020,0.16804958976217177,0.03860489806534606,0.1294446916968257,0.0
26117,2021,0.1701985601946249,0.04058472438844762,0.12961383580617727,0.0
26117,2022,0.17225831298279776,0.04195405118363433,0.13030426179916343,0.0
26117,2023,0.1788314469625513,0.04369161283264462,0.13513983412990668,0.0
26077,2014,0.0859342926091702,0.0568856579250403,0.0,0.029048634684129892
26077,2015,0.08807322154808896,0.05881506084361776,0.0,0.02925816070447119
26077,2016,0.09014660596022814,0.06064933080578909,0.0,0.02949727515443904
26077,2017,0.0920261617183038,0.06238105139408559,0.0,0.029645110324218203
26077,2018,0.09408219778874902,0.06426280189683,0.0,0.029819395891919027
26077,2019,0.09600784472269475,0.0660457842814194,0.0,0.029962060441275355
26077,2020,0.09257870066455891,0.06411883917905986,0.0,0.02845986148549905
26077,2021,0.09425076339163056,0.06740713087195699,0.0,0.026843632519673574
26077,2022,0.09633260510039025,0.06968144446852541,0.0,0.026651160631864842
26077,2023,0.1006720969161938,0.07256735899025292,0.0,0.028104737925940877
26063,2014,0.15782152792638562,0.039482131393109354,0.09340894500320993,0.024930451530066337
26063,2015,0.16067831595415294,0.04082125521306946,0.09474678739318622,0.025110273347897255
26063,2016,0.1644923360688541,0.04209435093347605,0.09708249624912993,0.02531548888624814
26063,2017,0.16732658634216968,0.043296271106279025,0.09858794955922896,0.025442365676661704
26063,2018,0.16962959978321532,0.044602321230482654,0.09943533552260142,0.025591943030131237
26063,2019,0.1722497434361564,0.045839820230190474,0.1006955409744243,0.025714382231541617
26063,2020,0.1680777585127733,0.04450240228525046,0.0991502083666402,0.024425147860882616
26063,2021,0.16910249448193607,0.04678467815958267,0.09927976697168113,0.023038049350672267
26063,2022,0.17104466472262658,0.04836319111916159,0.09980860967792864,0.02287286392553635
26063,2023,0.17799905500882687,0.05036619258723413,0.1035124927640584,0.024120369657534335
26165,2014,0.06366360911815458,0.05113068749432386,0.0,0.012532921623830715
26165,2015,0.06548821867967644,0.05286489786085274,0.0,0.012623320818823702
26165,2016,0.06724008544656777,0.054513599618677064,0.0,0.012726485827890708
26165,2017,0.06886039539238308,0.05607012664952115,0.0,0.01279026874286193
26165,2018,0.07062696904835544,0.05776150546814879,0.0,0.012865463580206647
26165,2019,0.07229112392684924,0.05936410827595065,0.0,0.01292701565089859
26165,2020,0.06991100476844117,0.05763210707492219,0.0,0.01227889769351898
26165,2021,0.072169312986679,0.06058773105946426,0.0,0.01158158192721475
26165,2022,0.07413049908182535,0.06263195840976521,0.0,0.01149854067206015
26165,2023,0.07735159364999018,0.06522591264934213,0.0,0.012125681000648045
26159,2014,0.07655966081162932,0.03264688067837674,0.0,0.043912780133252574
26159,2015,0.07798369217395346,0.03375417185089535,0.0,0.04422952032305811
26159,2016,0.07939785518284492,0.03480686588259394,0.0,0.044590989300250974
26159,2017,0.0806151779833657,0.03580070646520445,0.0,0.044814471518161245
26159,2018,0.08195858851275353,0.03688064974740265,0.0,0.045077938765350885
26159,2019,0.08319751422022209,0.037903909656570645,0.0,0.04529360456365144
26159,2020,0.07982076155173495,0.03679802903348967,0.0,0.043022732518245274
26159,2021,0.07926467275658494,0.03868519128931119,0.0,0.04057948146727375
26159,2022,0.08027894990784107,0.039990427922246316,0.0,0.04028852198559475
26159,2023,0.08413255722706098,0.041646664493562476,0.0,0.0424858927334985
26011,2014,0.17459501157109797,0.1324247878632039,0.0,0.04217022370789406
26011,2015,0.17939066240990711,0.13691626746482768,0.0,0.04247439494507942
26011,2016,0.18400780597773767,0.141186285945487,0.0,0.04282152003225067
26011,2017,0.1882537125208094,0.1452175785402864,0.0,0.04303613398052301
26011,2018,0.1928872737897218,0.1495981275262148,0.0,0.043289146263507036
26011,2019,0.19724500702068293,0.15374875305566216,0.0,0.04349625396502077
26011,2020,0.1905784901877092,0.1492629950331347,0.0,0.04131549515457449
26011,2021,0.19588704541229027,0.15691784769279882,0.0,0.03896919771949144
26011,2022,0.20090203304723175,0.16221224889242702,0.0,0.03868978415480472
26011,2023,0.20973036139515944,0.16893040303304885,0.0,0.0407999583621106
26005,2014,0.04336527021103388,0.02457887156365458,0.0,0.0187863986473793
26005,2015,0.0443344221493563,0.025412518360756683,0.0,0.01892190378859962
26005,2016,0.04528160501006019,0.02620506058418824,0.0,0.019076544425871946
26005,2017,0.04612544650610156,0.026953293785252096,0.0,0.01917215272084946
26005,2018,0.047051218240941654,0.027766351164016063,0.0,0.01928486707692559
26005,2019,0.04791386472312052,0.028536733306538338,0.0,0.01937713141658218
26005,2020,0.04610977438466743,0.027704148470418154,0.0,0.01840562591424928
26005,2021,0.04648531182276804,0.029124937156558565,0.0,0.017360374666209478
26005,2022,0.04734351005251368,0.030107611240405664,0.0,0.017235898812108016
26005,2023,0.049530502407379634,0.031354542803835865,0.0,0.018175959603543772
26039,2014,0.07641196013289037,0.03986710963455149,0.0,0.036544850498338874
26039,2015,0.07802773710671888,0.04121929084313504,0.0,0.036808446263583844
26039,2016,0.07961406610463245,0.04250480013227098,0.0,0.037109265972361465
26039,2017,0.08101369096782352,0.04371843986271061,0.0,0.037295251105112906
26039,2018,0.08255173724131726,0.045037224884000845,0.0,0.03751451235731642
26039,2019,0.08398078291231553,0.0462867903596532,0.0,0.03769399255266234
26039,2020,0.08074047166477485,0.04493633165955765,0.0,0.03580414000521721
26039,2021,0.0810116924681801,0.04724086131101851,0.0,0.033770831157161584
26039,2022,0.0823634563397761,0.04883476586983056,0.0,0.033528690469945534
26039,2023,0.08621467217029163,0.05085729799533156,0.0,0.03535737417496008
26013,2014,,0.04476040021063718,,0.0
26013,2015,,0.046278548192979205,,0.0
26013,2016,,0.047721840941905964,,0.0
26013,2017,,0.04908444285972666,,0.0
26013,2018,,0.050565095605457334,,0.0
26013,2019,,0.0519680327958455,,0.0
26013,2020,,0.05045181874274981,,0.0
26013,2021,,0.053039206452624575,,0.0
26013,2022,,0.05482874691853673,,0.0
26013,2023,,0.05709952471522548,,0.0
26007,2014,0.0423861852433281,0.0423861852433281,0.0,0.0
26007,2015,0.043823806473333136,0.043823806473333136,0.0,0.0
26007,2016,0.04519054299777162,0.04519054299777162,0.0,0.0
26007,2017,0.04648086875513464,0.04648086875513464,0.0,0.0
26007,2018,0.0478829835991987,0.0478829835991987,0.0,0.0
26007,2019,0.049211505135125795,0.049211505135125795,0.0,0.0
26007,2020,0.0477757152534308,0.0477757152534308,0.0,0.0
26007,2021,0.05022586078946199,0.05022586078946199,0.0,0.0
26007,2022,0.0519204790978693,0.0519204790978693,0.0,0.0
26007,2023,0.05407080858294867,0.05407080858294867,0.0,0.0
26163,2014,0.1657908595596957,0.051007902771466024,0.0822810249814202,0.03250193180680948
26163,2015,0.16893380346760511,0.05273794862252158,0.08345948859758737,0.03273636624749614
26163,2016,0.17290353943691206,0.054382691204392486,0.08551694164684967,0.03300390658566989
26163,2017,0.1759478452764658,0.05593548040675296,0.08684304849253092,0.033169316377181894
26163,2018,0.17857660289730545,0.05762279756515912,0.08758948434638579,0.03336432098576055
26163,2019,0.1814450573791394,0.05922155189856624,0.0886995600062661,0.033523945474307065
26163,2020,0.1766751999824884,0.0574937099079431,0.0873383247316217,0.031843165342923606
26163,2021,0.17792948448250473,0.06044223628653465,0.0874524488641399,0.03003479933183019
26163,2022,0.18021929096834946,0.06248155464967025,0.08791828990240981,0.029819446416269414
26163,2023,0.18769602948329572,0.0650692797934141,0.09118092493942505,0.031445824750456555
26003,2014,0.010902483343428226,0.010902483343428226,0.0,0.0
26003,2015,0.011272265182117184,0.011272265182117184,0.0,0.0
26003,2016,0.011623814209400576,0.011623814209400576,0.0,0.0
26003,2017,0.011955709023630431,0.011955709023630431,0.0,0.0
26003,2018,0.0123163579861456,0.0123163579861456,0.0,0.0
26003,2019,0.01265807743633157,0.01265807743633157,0.0,0.0
26003,2020,0.012288766653113434,0.012288766653113434,0.0,0.0
26003,2021,0.012918987814612272,0.012918987814612272,0.0,0.0
26003,2022,0.013354873888690793,0.013354873888690793,0.0,0.0
26003,2023,0.013907977010837192,0.013907977010837192,0.0,0.0
26017,2014,0.12099420049710025,0.07784589892294946,0.0,0.04314830157415079
26017,2015,0.12394574240564338,0.0804862147786462,0.0,0.04345952762699717
26017,2016,0.1268110485182766,0.08299634473549314,0.0,0.043814703782783467
26017,2017,0.12940043509691895,0.08536613970309218,0.0,0.04403429539382679
26017,2018,0.13223442094081778,0.08794124500692603,0.0,0.044293175933891746
26017,2019,0.1348862770303303,0.09038118982878332,0.0,0.044505087201546965
26017,2020,0.13001798622054178,0.08774423740281298,0.0,0.04227374881772881
26017,2021,0.13211717418741303,0.09224414180915308,0.0,0.03987303237825996
26017,2022,0.13494359326632704,0.09535645504970403,0.0,0.03958713821662301
26017,2023,0.14105197620955928,0.09930572132090912,0.0,0.041746254888650164
26001,2014,,0.0,,0.0
26001,2015,,0.0,,0.0
26001,2016,,0.0,,0.0
26001,2017,,0.0,,0.0
26001,2018,,0.0,,0.0
26001,2019,,0.0,,0.0
26001,2020,,0.0,,0.0
26001,2021,,0.0,,0.0
26001,2022,,0.0,,0.0
26001,2023,,0.0,,0.0
26015,2014,0.05678199957546169,0.03438760348121418,0.0,0.022394396094247506
26015,2015,0.05810986061780182,0.03555393511803848,0.0,0.02255592549976335
26015,2016,0.05940302395356398,0.036662758509336264,0.0,0.022740265444227716
26015,2017,0.06056382606803773,0.03770959040163969,0.0,0.02285423566639804
26015,2018,0.06183571319812958,0.03884711596606611,0.0,0.022988597232063476
26015,2019,0.06302351709532868,0.039924935815421524,0.0,0.023098581279907156
26015,2020,0.060700584485448225,0.038760089938147425,0.0,0.021940494547300803
26015,2021,0.06144237409779445,0.04074787517243128,0.0,0.020694498925363163
26015,2022,0.06266882369022167,0.04212270666781076,0.0,0.020546117022410902
26015,2023,0.06553397329378578,0.04386725332286772,0.0,0.02166671997091806
26029,2014,0.10772333610155416,0.07165737335389726,0.0,0.0360659627476569
26029,2015,0.11041389600094036,0.07408779167601261,0.0,0.03632610432492775
26029,2016,0.1130213555637112,0.07639837350464065,0.0,0.03662298205907056
26029,2017,0.11538630659507909,0.07857977657294499,0.0,0.0368065300221341
26029,2018,0.11797308644564614,0.08095016839493505,0.0,0.03702291805071109
26029,2019,0.12039619092318014,0.08319614460539398,0.0,0.03720004631778616
26029,2020,0.11610378093650811,0.08076882232999386,0.0,0.035334958606514255
26029,2021,0.11823929171127409,0.08491099724946029,0.0,0.0333282944618138
26029,2022,0.12086521733169413,0.08777589051883057,0.0,0.033089326812863556
26029,2023,0.12630524869969337,0.09141120145473228,0.0,0.03489404724496109
26161,2014,0.10896026164640679,0.07317721549578289,0.0,0.03578304615062391
26161,2015,0.11170032969383614,0.0756591826260037,0.0,0.03604114706783244
26161,2016,0.11435446751671408,0.07801877154868307,0.0,0.036335695968031004
26161,2017,0.11676424595249718,0.08024644184890607,0.0,0.0365178041035911
26161,2018,0.11939960401930028,0.08266710932593652,0.0,0.03673249469336375
26161,2019,0.1218689558467084,0.08496072235497475,0.0,0.03690823349173366
26161,2020,0.11753969325190258,0.08248191693815565,0.0,0.03505777631374692
26161,2021,0.11977880005391832,0.08671194676643343,0.0,0.03306685328748489
26161,2022,0.12246736419376739,0.08963760399237924,0.0,0.03282976020138814
26161,2023,0.1279703429745742,0.09335001932801877,0.0,0.034620323646555436
26149,2014,0.05149501661129568,0.019430182220879895,0.0,0.03206483439041578
26149,2015,0.05238531590436021,0.020089199830113796,0.0,0.03229611607424642
26149,2016,0.05327578173259338,0.020715723296788637,0.0,0.03256005843580475
26149,2017,0.05403046316627092,0.021307219428038253,0.0,0.03272324373823267
26149,2018,0.05486558646886986,0.021949960612656978,0.0,0.03291562585621288
26149,2019,0.0556320696670843,0.02255896600861886,0.0,0.033073103658465434
26149,2020,0.0533157151545411,0.021900787904784412,0.0,0.03141492724975669
26149,2021,0.05265483591505139,0.02302395513390549,0.0,0.029630880781145903
26149,2022,0.0532192063631272,0.02380078235575075,0.0,0.02941842400737645
26149,2023,0.05580944163011624,0.024786511396714627,0.0,0.031022930233401608
26019,2014,0.039988324576765905,0.039988324576765905,0.0,0.0
26019,2015,0.04134461705823992,0.04134461705823992,0.0,0.0
26019,2016,0.042634034905975345,0.042634034905975345,0.0,0.0
26019,2017,0.043851364677432315,0.043851364677432315,0.0,0.0
26019,2018,0.045174159431347116,0.045174159431347116,0.0,0.0
26019,2019,0.046427524179339826,0.046427524179339826,0.0,0.0
26019,2020,0.04507295944359746,0.04507295944359746,0.0,0.0
26019,2021,0.0473844959593907,0.0473844959593907,0.0,0.0
26019,2022,0.04898324674484828,0.04898324674484828,0.0,0.0
26019,2023,0.05101192832831017,0.05101192832831017,0.0,0.0
26025,2014,0.12183044103017576,0.06276113628827236,0.0,0.059069304741903396
26025,2015,0.12438518706610943,0.06488981905199104,0.0,0.059495368014118394
26025,2016,0.12689514122344508,0.06691354297968151,0.0,0.059981598243763576
26025,2017,0.12910634113802766,0.06882412564356669,0.0,0.060282215494460986
26025,2018,0.13153685280879385,0.0709002341755079,0.0,0.06063661863328595
26025,2019,0.13379409487129548,0.07286737324923122,0.0,0.06092672162206426
26025,2020,0.12861345877314206,0.07074140215914436,0.0,0.05787205661399772
26025,2021,0.12895484343037084,0.07436932755583149,0.0,0.054585515874539345
26025,2022,0.13107267689737415,0.07687854535875455,0.0,0.0541941315386196
26025,2023,0.1372124599812563,0.08006253375268532,0.0,0.057149926228570985
26031,2014,,0.0585419734904271,,0.022827687776141383
26031,2015,,0.06052755401514482,,0.02299234248798372
26031,2016,,0.062415231637529364,,0.023180249082079583
26031,2017,,0.06419737399943137,,0.023296424425077553
26031,2018,,0.066133914633143,,0.023433385647752006
26031,2019,,0.06796881135931034,,0.02354549769104915
26031,2020,,0.0659857602140025,,0.02236500404262162
26031,2021,,0.06936979570090927,,0.02109490062441255
26031,2022,,0.07171032952148444,,0.02094364779589381
26031,2023,,0.07468027199185609,,0.022085932415755287
26151,2014,0.12756438236577913,0.01975120034919249,0.07976865997381057,0.02804452204277608
26151,2015,0.12957905189503308,0.020421105998334424,0.08091114043647826,0.02824680546022038
26151,2016,0.13244140649432848,0.02105798064897293,0.0829057713095835,0.02847765453577205
26151,2017,0.13447101567185066,0.02165924925578656,0.08419138687023041,0.02862037954583369
26151,2018,0.13601628130705207,0.022312609567376417,0.08491503108627968,0.028788640653395956
26151,2019,0.1378492622415307,0.02293167672035743,0.08599121174735179,0.028926373773821477
26151,2020,0.1344102655481064,0.022262624446605924,0.08467154036756544,0.027476100733935038
26151,2021,0.13410226737352476,0.023404348220260437,0.08478217983910467,0.02591573931415964
26151,2022,0.1351577273224013,0.024194009887915018,0.08523379690867801,0.025729920525808265
26151,2023,0.14072608815982146,0.025196024771603185,0.08839681079851563,0.02713325258970266
26145,2014,0.10687703041684374,0.07485641440379423,0.0,0.0320206160130495
26145,2015,0.10964691403177418,0.07739533527933795,0.0,0.032251578752436234
26145,2016,0.1123242268618514,0.0798090697323641,0.0,0.03251515712948729
26145,2017,0.11476597581832426,0.08208785842388143,0.0,0.03267811739444284
26145,2018,0.11743430721362527,0.08456407300196715,0.0,0.03287023421165811
26145,2019,0.11993781245856283,0.086910317611309,0.0,0.03302749484725382
26145,2020,0.1157462361150754,0.0843746310010625,0.0,0.03137160511401289
26145,2021,0.11829174630099494,0.08870172740150178,0.0,0.029590018899493156
26145,2022,0.121072374847593,0.09169451973754628,0.0,0.029377855110046723
26145,2023,0.12647227260948865,0.09549212393607782,0.0,0.030980148673410816
26153,2014,,0.0,,0.0
26153,2015,,0.0,,0.0
26153,2016,,0.0,,0.0
26153,2017,,0.0,,0.0
26153,2018,,0.0,,0.0
26153,2019,,0.0,,0.0
26153,2020,,0.0,,0.0
26153,2021,,0.0,,0.0
26153,2022,,0.0,,0.0
26153,2023,,0.0,,0.0
26147,2014,0.18142634265013088,0.06658381151334056,0.06634582330697834,0.04849670782981199
26147,2015,0.18498471660164512,0.06884214876300611,0.06729605622969151,0.04884651160894749
26147,2016,0.189189894052915,0.07098913431051855,0.06895504645860011,0.04924571328379634
26147,2017,0.19253294035377086,0.0730160873501906,0.07002432884162352,0.04949252416195674
26147,2018,0.19562834610601776,0.07521864816006944,0.07062620395536975,0.049783493990578576
26147,2019,0.19884856836174314,0.07730560236535516,0.07152129348062089,0.05002167251576708
26147,2020,0.19298757860099183,0.07505014195280035,0.07042368592126955,0.04751375072692193
26147,2021,0.19423020183138157,0.07889903818195637,0.0705157078611132,0.04481545578831198
26147,2022,0.1969465425069442,0.08156108821987078,0.07089133039645686,0.04449412389061656
26147,2023,0.2053819772111162,0.08493900799029032,0.07352209742603444,0.04692087179479145
26027,2014,0.02096559870072346,0.02096559870072346,0.0,0.0
26027,2015,0.021676693356184825,0.021676693356184825,0.0,0.0
26027,2016,0.02235272610922691,0.02235272610922691,0.0,0.0
26027,2017,0.0229909635884145,0.0229909635884145,0.0,0.0
26027,2018,0.023684495619764313,0.023684495619764313,0.0,0.0
26027,2019,0.02434162598494386,0.02434162598494386,0.0,0.0
26027,2020,0.02363143717447725,0.02363143717447725,0.0,0.0
26027,2021,0.02484335959146062,0.02484335959146062,0.0,0.0
26027,2022,0.02568157343875557,0.02568157343875557,0.0,0.0
26027,2023,0.02674519699439517,0.02674519699439517,0.0,0.0
26033,2014,,0.036343952984843796,,0.03294154036498608
26033,2015,,0.03757663854249352,,0.033179145675240426
26033,2016,,0.0387485441457391,,0.03345030466054622
26033,2017,,0.03985493148377197,,0.03361795172091927
26033,2018,,0.04105717215911176,,0.033815593886407605
26033,2019,,0.042196310393984804,,0.03397737739404494
26033,2020,,0.04096519512241997,,0.032273863680714374
26033,2021,,0.04306606769815051,,0.030441038410413918
26033,2022,,0.044519114906207656,,0.030222772714613756
26033,2023,,0.046362910785902905,,0.03187114881308123
26037,2014,0.06128397580703928,0.02681629381330613,0.0,0.03446768199373315
26037,2015,0.062442123005095884,0.02772582773514284,0.0,0.03471629526995305
26037,2016,0.06359053204361709,0.028590515321306034,0.0,0.035000016722311046
26037,2017,0.06458229108889241,0.029406860421146548,0.0,0.03517543066774585
26037,2018,0.06567616001870316,0.030293930663551495,0.0,0.03538222935515167
26037,2019,0.06668594902637524,0.031134440929814097,0.0,0.03555150809656115
26037,2020,0.06399513829772521,0.03022606563959461,0.0,0.03376907265813061
26037,2021,0.06362752397255586,0.03177618915749046,0.0,0.03185133481506539
26037,2022,0.0644712735000817,0.03284831636589054,0.0,0.031622957134191144
26037,2023,0.06755645699254892,0.03420875649364138,0.0,0.03334770049890755
26023,2014,0.03030888030888031,0.03030888030888031,0.0,0.0
26023,2015,0.03133687302725278,0.03133687302725278,0.0,0.0
26023,2016,0.032314178569027185,0.032314178569027185,0.0,0.0
26023,2017,0.0332368454406711,0.0332368454406711,0.0,0.0
26023,2018,0.03423944878287046,0.03423944878287046,0.0,0.0
26023,2019,0.03518942812139851,0.03518942812139851,0.0,0.0
26023,2020,0.034162744936224516,0.034162744936224516,0.0,0.0
26023,2021,0.03591475841336554,0.03591475841336554,0.0,0.0
26023,2022,0.037126520764327264,0.037126520764327264,0.0,0.0
26023,2023,0.038664146257486876,0.038664146257486876,0.0,0.0
26143,2014,,0.0756730536017463,,0.0647586708707252
26143,2015,,0.07823967260207974,,0.0652257711918824
26143,2016,,0.08067973947008311,,0.0657588335589878
26143,2017,,0.08298338839815018,,0.06608840529986129
26143,2018,,0.08548661701241586,,0.06647694341323504
26143,2019,,0.08785845776246566,,0.06679498819217723
26143,2020,,0.08529510831135051,,0.06344610764005229
26143,2021,,0.08966941077371596,,0.05984301782919774
26143,2022,,0.09269485270368516,,0.05941393660834152
26143,2023,,0.09653388651745448,,0.06265442397016772
26157,2014,0.1268631626134708,0.05312114759609997,0.0,0.07374201501737083
26157,2015,0.1291967804687262,0.05492286881984244,0.0,0.07427391164888376
26157,2016,0.13151667328408667,0.056635752681008164,0.0,0.07488092060307852
26157,2017,0.13350908420120758,0.058252873556841625,0.0,0.07525621064436595
26157,2018,0.13570874274150543,0.06001009584874236,0.0,0.07569864689276308
26157,2019,0.13773589712782353,0.061675086179658944,0.0,0.07606081094816457
26157,2020,0.1321230327048865,0.059875660121742766,0.0,0.07224737258314376
26157,2021,0.1310908041879108,0.06294634322059338,0.0,0.06814446096731742
26157,2022,0.1327260074984904,0.06507015004027238,0.0,0.067655857458218
26157,2023,0.13911095029204085,0.06776508399815026,0.0,0.07134586629389059
26141,2014,0.15378421900161032,0.10024154589371981,0.0,0.0535426731078905
26141,2015,0.15757033278029092,0.10364145965519754,0.0,0.053928873125093396
26141,2016,0.1612433448382006,0.10687373406849095,0.0,0.05436961076970965
26141,2017,0.16456740195391442,0.10992530023048502,0.0,0.054642101723429405
26141,2018,0.16820458914185987,0.11324124288214504,0.0,0.054963346259714836
26141,2019,0.1716094471394223,0.11638314045442995,0.0,0.055226306684992364
26141,2020,0.1654449994480444,0.11298755775470298,0.0,0.0524574416933414
26141,2021,0.16826044461209494,0.11878204892644682,0.0,0.04947839568564813
26141,2022,0.1719133799527802,0.12278974997242119,0.0,0.049123629980359004
26141,2023,0.17967806393075467,0.12787518878999282,0.0,0.05180287514076185
26155,2014,0.06917614720928457,0.047339085286706876,0.0,0.02183706192257769
26155,2015,0.07093926638830486,0.0489446950774087,0.0,0.021994571310896167
26155,2016,0.0726454607078009,0.05047113716044648,0.0,0.022174323547354418
26155,2017,0.07419769711233118,0.051912239744337466,0.0,0.022285457367993707
26155,2018,0.0758946692140219,0.05347819416566286,0.0,0.022416475048359034
26155,2019,0.07748567767124853,0.05496195577179558,0.0,0.02252372189945296
26155,2020,0.07475284804711388,0.053358391325663945,0.0,0.021394456721449937
26155,2021,0.07627431112400826,0.0560948406623799,0.0,0.02017947046162835
26155,2022,0.07802225946171708,0.05798747809057913,0.0,0.02003478137113795
26155,2023,0.08151657297732068,0.0603890773452494,0.0,0.02112749563207128
26009,2014,,0.0207551887971993,,0.0
26009,2015,,0.021459146935359732,,0.0
26009,2016,,0.02212839505094036,,0.0
26009,2017,,0.02276022720451153,,0.0
26009,2018,,0.02344679897634811,,0.0
26009,2019,,0.024097334407668917,,0.0
26009,2020,,0.02339427302347939,,0.0
26009,2021,,0.024594032635933474,,0.0
26009,2022,,0.025423834202841895,,0.0
26009,2023,,0.02647678327534735,,0.0
26035,2014,0.07978618095426648,0.020985943377549,0.0,0.058800237576717485
26035,2015,0.08092208815169961,0.021697728067726962,0.0,0.05922436008397265
26035,2016,0.08208279231354876,0.022374416831984392,0.0,0.059708375481564366
26035,2017,0.0830208970341628,0.023013273646466784,0.0,0.06000762338769602
26035,2018,0.08406789085138021,0.023707478670047695,0.0,0.060360412181332514
26035,2019,0.08501444042303401,0.02436524670387209,0.0,0.060649193719161915
26035,2020,0.08126281178312297,0.02365436873770617,0.0,0.0576084430454168
26035,2021,0.07920434004422199,0.0248674671845403,0.0,0.05433687285968168
26035,2022,0.07965376574331456,0.025706494420953175,0.0,0.053947271322361386
26035,2023,0.08366075214277463,0.026771150099634544,0.0,0.056889602043140086
26021,2014,0.0692960250439622,0.04465786778488473,0.0,0.02463815725907747
26021,2015,0.07098840892946646,0.04617253815320748,0.0,0.02481587077625898
26021,2016,0.07263120504676959,0.04761252475862521,0.0,0.02501868028814438
26021,2017,0.07411607489694083,0.04897200537102165,0.0,0.025144069525919174
26021,2018,0.07574115956943994,0.050449266392884745,0.0,0.0252918931765552
26021,2019,0.07726188673538001,0.05184898988204075,0.0,0.02541289685333926
26021,2020,0.07447502697877179,0.05033624901292224,0.0,0.02413877796584955
26021,2021,0.07568565214255116,0.052917709806661155,0.0,0.022767942335889996
26021,2022,0.07730784458980995,0.05470315098114409,0.0,0.02260469360866586
26021,2023,0.08080630021866622,0.05696872711844768,0.0,0.023837573100218543
26085,2014,,0.0,,0.0
26085,2015,,0.0,,0.0
26085,2016,,0.0,,0.0
26085,2017,,0.0,,0.0
26085,2018,,0.0,,0.0
26085,2019,,0.0,,0.0
26085,2020,,0.0,,0.0
26085,2021,,0.0,,0.0
26085,2022,,0.0,,0.0
26085,2023,,0.0,,0.0
26091,2014,0.07522528405380698,0.04797353184449959,0.0,0.027251752209307388
26091,2015,0.077048977720159,0.0496006602935933,0.0,0.027448317426565703
26091,2016,0.07882020081628556,0.051147560015797275,0.0,0.02767264080048829
26091,2017,0.0804193077271122,0.052607976504218494,0.0,0.027811331222893705
26091,2018,0.0821697539976221,0.0541949181158593,0.0,0.027974835881762788
26091,2019,0.08380724087663563,0.05569856535007069,0.0,0.02810867552656493
26091,2020,0.0807729088392747,0.05407350965760667,0.0,0.026699399181668023
26091,2021,0.08202977982248172,0.056846633358682196,0.0,0.025183146463799527
26091,2022,0.08376721668822856,0.0587646362390062,0.0,0.025002580449222368
26091,2023,0.08756466489751061,0.061198422139681456,0.0,0.02636624275782915
26127,2014,,0.019604380077711057,,0.0
26127,2015,,0.020269305992581903,,0.0
26127,2016,,0.020901446444414606,,0.0
26127,2017,,0.021498245529451083,,0.0
26127,2018,,0.02214674909630508,,0.0
26127,2019,,0.022761214422265003,,0.0
26127,2020,,0.022097135539230556,,0.0
26127,2021,,0.02323037232518603,,0.0
26127,2022,,0.02401416405388127,,0.0
26127,2023,,0.025008730473949477,,0.0
26133,2014,0.062218583708555056,0.0,0.0,0.062218583708555056
26133,2015,0.06266736253680229,0.0,0.0,0.06266736253680229
26133,2016,0.06317951612278054,0.0,0.0,0.06317951612278054
26133,2017,0.06349616077702995,0.0,0.0,0.06349616077702995
26133,2018,0.06386945891310761,0.0,0.0,0.06386945891310761
26133,2019,0.06417502873774447,0.0,0.0,0.06417502873774447
26133,2020,0.06095750431729608,0.0,0.0,0.06095750431729608
26133,2021,0.057495741714823675,0.0,0.0,0.057495741714823675
26133,2022,0.057083490729764,0.0,0.0,0.057083490729764
26133,2023,0.06019687356278694,0.0,0.0,0.06019687356278694
26053,2014,0.062467053241960994,0.062467053241960994,0.0,0.0
26053,2015,0.06458576152865764,0.06458576152865764,0.0,0.0
26053,2016,0.06660000279027885,0.06660000279027885,0.0,0.0
26053,2017,0.06850163293986529,0.06850163293986529,0.0,0.0
26053,2018,0.07056801334453454,0.07056801334453454,0.0,0.0
26053,2019,0.07252593489471491,0.07252593489471491,0.0,0.0
26053,2020,0.07040992557542314,0.07040992557542314,0.0,0.0
26053,2021,0.07402085141767985,0.07402085141767985,0.0,0.0
26053,2022,0.07651831165120591,0.07651831165120591,0.0,0.0
26053,2023,0.07968738066888438,0.07968738066888438,0.0,0.0
26047,2014,0.08353084363589776,0.07103965152776888,0.0,0.012491192108128884
26047,2015,0.08603040875844604,0.07344911844776154,0.0,0.012581290310684503
26047,2016,0.08842389374618265,0.07573978192382105,0.0,0.012684111822361599
26047,2017,0.09065006259029786,0.0779023802240491,0.0,0.012747682366248753
26047,2018,0.0930749649373548,0.08025233810189096,0.0,0.012822626835463846
26047,2019,0.09536292685488013,0.08247895289200712,0.0,0.012883973962873009
26047,2020,0.09231056930314908,0.0800725553292832,0.0,0.012238013973865888
26047,2021,0.09572204264684321,0.08417902266227756,0.0,0.011543019984565656
26047,2022,0.09847947436455373,0.08701921914164301,0.0,0.011460255222910727
26047,2023,0.10270849933814703,0.09062319190807569,0.0,0.012085307430071348
26079,2014,,0.034460124712832295,,0.019035116508040694
26079,2015,,0.035628916067642576,,0.019172415635935393
26079,2016,,0.036740077895756056,,0.019329103599531175
26079,2017,,0.037789117488813286,,0.019425977676792702
26079,2018,,0.038929042021082126,,0.019540184286601724
26079,2019,,0.04000913492278852,,0.019633670137076082
26079,2020,,0.038841832460899235,,0.01864930262884751
26079,2021,,0.04083380980567608,,0.017590213036421123
26079,2022,,0.042211540731757875,,0.017464089215153775
26079,2023,,0.04395976652287644,,0.018416595708042275
26051,2014,0.10289089213553,0.02890892135529997,0.0,0.07398197078023003
26051,2015,0.10440502956702108,0.029889431369077797,0.0,0.07451559819794329
26051,2016,0.10594617778625307,0.03082159543318469,0.0,0.07512458235306838
26051,2017,0.10720273815681461,0.03170164457250177,0.0,0.07550109358431284
26051,2018,0.10860290745423788,0.032657937938499526,0.0,0.07594496951573836
26051,2019,0.10987235003854284,0.033564037989269824,0.0,0.07630831204927302
26051,2020,0.10506724181651211,0.03258477702170753,0.0,0.0724824647948046
26051,2021,0.10262206781848712,0.034255865471954756,0.0,0.06836620234653237
26051,2022,0.10328766577549037,0.03541165684888009,0.0,0.06787600892661028
26051,2023,0.1084562848512306,0.03687825983792655,0.0,0.07157802501330404
26045,2014,0.033444046170541614,0.033444046170541614,0.0,0.0
26045,2015,0.03457837497404269,0.03457837497404269,0.0,0.0
26045,2016,0.03565677349384063,0.03565677349384063,0.0,0.0
26045,2017,0.03667488149191956,0.03667488149191956,0.0,0.0
26045,2018,0.037781194629374217,0.037781194629374217,0.0,0.0
26045,2019,0.038829440309683425,0.038829440309683425,0.0,0.0
26045,2020,0.037696556498155176,0.037696556498155176,0.0,0.0
26045,2021,0.039629799132781564,0.039629799132781564,0.0,0.0
26045,2022,0.040966906792328256,0.040966906792328256,0.0,0.0
26045,2023,0.0426635850418103,0.0426635850418103,0.0,0.0
26119,2014,,0.022756827048114433,,0.0
26119,2015,,0.02352867517514237,,0.0
26119,2016,,0.02426246583189612,,0.0
26119,2017,,0.024955232117124852,,0.0
26119,2018,,0.025708017130090424,,0.0
26119,2019,,0.02642129044424287,,0.0
26119,2020,,0.025650425554477666,,0.0
26119,2021,,0.026965890437341787,,0.0
26119,2022,,0.027875718380941966,,0.0
26119,2023,,0.029030214259905616,,0.0
26125,2014,0.13488029090099532,0.06208392468978909,0.049112733411871654,0.023683632799334588
26125,2015,0.13786024645177417,0.06418963832416537,0.049816146737477134,0.023854461390131674
26125,2016,0.1412851595721739,0.0661915256600251,0.05104422019838357,0.02404941371376523
26125,2017,0.14408719803144043,0.06808149256045594,0.051835760313523216,0.024169945157461268
26125,2018,0.14672854164419324,0.07013519925487971,0.05228130052291797,0.024312041866395573
26125,2019,0.14945336370865472,0.07208111230442087,0.05294389375098021,0.024428357653253664
26125,2020,0.14531306722269957,0.06997808108389968,0.052131385822578216,0.023203600316221682
26125,2021,0.14765223867325988,0.07356686007084395,0.05219950539325072,0.021885873209165206
26125,2022,0.15025551299493406,0.07604900265652659,0.05247756132084795,0.021728949017559493
26125,2023,0.15653769553870328,0.07919863485493053,0.05442499604020571,0.022914064643567045
26131,2014,0.04270109235352532,0.021847070506454815,0.0,0.020854021847070508
26131,2015,0.0435925028556243,0.022588062228007303,0.0,0.021004440627616996
26131,2016,0.04446861886318832,0.023292517914258393,0.0,0.021176100948929927
26131,2017,0.045239821125640144,0.023957589272663823,0.0,0.02128223185297632
26131,2018,0.04608763147608825,0.024680279972017015,0.0,0.021407351504071234
26131,2019,0.04687480896213176,0.025365038543662982,0.0,0.021509770418468778
26131,2020,0.04505633217794555,0.024624990752200492,0.0,0.020431341425745056
26131,2021,0.04515891715980734,0.025887866898507497,0.0,0.019271050261299844
26131,2022,0.04589419702248282,0.026761322375870405,0.0,0.019132874646612414
26131,2023,0.048046062761390076,0.027869664624717447,0.0,0.020176398136672626
26087,2014,0.07822473804648922,0.060761170661206794,0.0,0.017463567385282427
26087,2015,0.08041155119253789,0.06282202016679564,0.0,0.017589531025742247
26087,2016,0.08251453823637127,0.0647812554868315,0.0,0.01773328274953977
26087,2017,0.08445311378987122,0.06663095493729163,0.0,0.017822158852579602
26087,2018,0.08656784206296689,0.0686409055577051,0.0,0.017926936505261788
26087,2019,0.08855806328937414,0.07054535917409327,0.0,0.01801270411528087
26087,2020,0.08559674143180425,0.06848713493111222,0.0,0.017109606500692025
26087,2021,0.08813740763994254,0.07199945174388836,0.0,0.016137955896054188
26087,2022,0.09045095496544815,0.07442871004235603,0.0,0.01602224492309212
26087,2023,0.0944073484694711,0.07751123648512664,0.0,0.01689611198434446
26093,2014,0.05598499843733722,0.05598499843733722,0.0,0.0
26093,2015,0.057883853497146684,0.057883853497146684,0.0,0.0
26093,2016,0.05968908182202843,0.05968908182202843,0.0,0.0
26093,2017,0.06139338441719993,0.06139338441719993,0.0,0.0
26093,2018,0.06324534153254921,0.06324534153254921,0.0,0.0
26093,2019,0.06500009430602638,0.06500009430602638,0.0,0.0
26093,2020,0.06310365814831173,0.06310365814831173,0.0,0.0
26093,2021,0.06633988696245222,0.06633988696245222,0.0,0.0
26093,2022,0.06857819179699734,0.06857819179699734,0.0,0.0
26093,2023,0.07141841419896211,0.07141841419896211,0.0,0.0
26097,2014,0.023148148148148147,0.008969907407407407,0.0,0.014178240740740741
26097,2015,0.023554649180014993,0.009274141658403092,0.0,0.014280507521611903
26097,2016,0.02396059105879265,0.009563375049050457,0.0,0.014397216009742194
26097,2017,0.02430581046695296,0.009836438135584316,0.0,0.014469372331368642
26097,2018,0.02468759713545053,0.01013315840549315,0.0,0.014554438729957382
26097,2019,0.025038375954018845,0.010414304611446856,0.0,0.01462407134257199
26097,2020,0.024001326522850114,0.010110457916554119,0.0,0.013890868606295997
26097,2021,0.023730975358331505,0.010628965974467441,0.0,0.013102009383864062
26097,2022,0.023995653305055764,0.010987586813546222,0.0,0.01300806649150954
26097,2023,0.025160184448689723,0.01144264678806035,0.0,0.013717537660629373
26083,2014,,0.0,,
26083,2015,,0.0,,
26083,2016,,0.0,,
26083,2017,,0.0,,
26083,2018,,0.0,,
26083,2019,,0.0,,
26083,2020,,0.0,,
26083,2021,,0.0,,
26083,2022,,0.0,,
26083,2023,,0.0,,
26109,2014,,0.024473534433693798,,0.05881236956934168
26109,2015,,0.025303608489029447,,0.05923657958391556
26109,2016,,0.026092754131663034,,0.05972069484626081
26109,2017,,0.026837780646132778,,0.06002000449488772
26109,2018,,0.0276473535227482,,0.0603728660778737
26109,2019,,0.02841443405544448,,0.06066170719871893
26109,2020,,0.027585417409867898,,0.05762032914035318
26109,2021,,0.029000117053145168,,0.054348083946029684
26109,2022,,0.029978579712256544,,0.053958402023949525
26109,2023,,0.03122016732847546,,0.05690133982279583
26135,2014,,0.017585931254996003,,0.0
26135,2015,,0.018182397013272063,,0.0
26135,2016,,0.018749452869431017,,0.0
26135,2017,,0.019284806073199417,,0.0
26135,2018,,0.01986654031320634,,0.0
26135,2019,,0.02041774085808843,,0.0
26135,2020,,0.01982203492203509,,0.0
26135,2021,,0.020838594697679496,,0.0
26135,2022,,0.021541687955636688,,0.0
26135,2023,,0.02243385473788207,,0.0
26121,2014,0.09445978280876127,0.058071047303515554,0.0,0.03638873550524572
26121,2015,0.09669186054754442,0.06004065532492393,0.0,0.036651205222620484
26121,2016,0.09886388786681685,0.06191314799928186,0.0,0.036950739867535
26121,2017,0.10081688486027784,0.06368095436502615,0.0,0.0371359304952517
26121,2018,0.10295617207553606,0.06560191698450185,0.0,0.03735425509103422
26121,2019,0.10495502191490956,0.06742205334529183,0.0,0.03753296856961773
26121,2020,0.10110614359028511,0.06545495435633662,0.0,0.03565118923394849
26121,2021,0.10243833424549068,0.06881176782059527,0.0,0.03362656642489541
26121,2022,0.10451893393747785,0.07113347380531619,0.0,0.03338546013216166
26121,2023,0.1092858572511804,0.07407952532019849,0.0,0.03520633193098191
26069,2014,0.041058098020123335,0.041058098020123335,0.0,0.0
26069,2015,0.042450674234248385,0.042450674234248385,0.0,0.0
26069,2016,0.04377458677475971,0.04377458677475971,0.0,0.0
26069,2017,0.0450244827283485,0.0450244827283485,0.0,0.0
26069,2018,0.04638266507886125,0.04638266507886125,0.0,0.0
26069,2019,0.04766956002189049,0.04766956002189049,0.0,0.0
26069,2020,0.04627875777440081,0.04627875777440081,0.0,0.0
26069,2021,0.048652132849426495,0.048652132849426495,0.0,0.0
26069,2022,0.05029365364715469,0.05029365364715469,0.0,0.0
26069,2023,0.05237660681378455,0.05237660681378455,0.0,0.0
26041,2014,0.04241961482989735,0.04241961482989735,0.0,0.0
26041,2015,0.04385836989827652,0.04385836989827652,0.0,0.0
26041,2016,0.045226184354987015,0.045226184354987015,0.0,0.0
26041,2017,0.046517527780167045,0.046517527780167045,0.0,0.0
26041,2018,0.04792074845905184,0.04792074845905184,0.0,0.0
26041,2019,0.04925031778744809,0.04925031778744809,0.0,0.0
26041,2020,0.04781339551174618,0.04781339551174618,0.0,0.0
26041,2021,0.05026547345457062,0.05026547345457062,0.0,0.0
26041,2022,0.05196142829253626,0.05196142829253626,0.0,0.0
26041,2023,0.05411345372230283,0.05411345372230283,0.0,0.0
26055,2014,0.07872105313731143,0.07872105313731143,0.0,0.0
26055,2015,0.0813910517840136,0.0813910517840136,0.0,0.0
26055,2016,0.08392940096423292,0.08392940096423292,0.0,0.0
26055,2017,0.08632583749011263,0.08632583749011263,0.0,0.0
26055,2018,0.08892989247903275,0.08892989247903275,0.0,0.0
26055,2019,0.09139726749340117,0.09139726749340117,0.0,0.0
26055,2020,0.08873067008856118,0.08873067008856118,0.0,0.0
26055,2021,0.09328116303405262,0.09328116303405262,0.0,0.0
26055,2022,0.09642846532459294,0.09642846532459294,0.0,0.0
26055,2023,0.10042212978592367,0.10042212978592367,0.0,0.0
26043,2014,,0.06555338426008173,,0.020518742227749156
26043,2015,,0.0677767722901665,,0.02066674265696513
26043,2016,,0.0698905318572157,,0.02083564311700984
26043,2017,,0.07188611649658622,,0.02094006770611287
26043,2018,,0.07405459126311793,,0.02106317575151866
26043,2019,,0.07610924851152251,,0.021163948030323204
26043,2020,,0.07388869279764626,,0.02010285743231284
26043,2021,,0.07767802488531883,,0.018961220798047462
26043,2022,,0.08029887798892951,,0.018825266695729766
26043,2023,,0.08362452228109615,,0.019852012982760937
26057,2014,0.13736263736263737,0.03894351262772315,0.0,0.09841912473491421
26057,2015,0.1393933838461427,0.040264368000840184,0.0,0.0991290158453025
26057,2016,0.1414592509850067,0.04152009603563942,0.0,0.09993915494936727
26057,2017,0.143145651972449,0.04270561950601713,0.0,0.10044003246643185
26057,2018,0.1450243784495391,0.04399385237769133,0.0,0.10103052607184779
26057,2019,0.1467283544139843,0.04521446930543721,0.0,0.10151388510854709
26057,2020,0.14031961003392632,0.04389529653564077,0.0,0.09642431349828555
26057,2021,0.1370948363859216,0.04614643739850504,0.0,0.09094839898741656
26057,2022,0.13799970480115878,0.04770341614320155,0.0,0.09029628865795722
26057,2023,0.1449002186304501,0.04967909248621795,0.0,0.09522112614423214
26137,2014,0.0850488177861428,0.051876249852958474,0.0,0.03317256793318433
26137,2015,0.08704758724716945,0.05363574761605094,0.0,0.03341183963111851
26137,2016,0.08899339025099313,0.055308489926261445,0.0,0.03368490032473169
26137,2017,0.09074143660070927,0.05688771346327951,0.0,0.03385372313742975
26137,2018,0.09265650654875139,0.058603755130054856,0.0,0.034052751418696535
26137,2019,0.09444539585423015,0.06022972629818772,0.0,0.03421566955604243
26137,2020,0.09097267857267141,0.05847246991355274,0.0,0.03250020865911868
26137,2021,0.09212572065276747,0.061471191343037176,0.0,0.03065452930973029
26137,2022,0.09397995946398281,0.06354522660399932,0.0,0.030434732859983493
26137,2023,0.09827167404708975,0.0661770045994423,0.0,0.03209466944764745
26123,2014,0.04457093760068736,0.02566856406401031,0.0,0.01890237353667705
26123,2015,0.04557788539030295,0.02653917019264214,0.0,0.01903871519766081
26123,2016,0.04656115988069806,0.027366849396014054,0.0,0.01919431048468401
26123,2017,0.047438764160224675,0.028148255157730447,0.0,0.019290509002494228
26123,2018,0.04840127822901377,0.028997359046022058,0.0,0.019403919182991718
26123,2019,0.049298648814006314,0.029801895711909672,0.0,0.019496753102096642
26123,2020,0.047451648788515655,0.028932398625791337,0.0,0.018519250162724314
26123,2021,0.04788372351777506,0.030416177297939363,0.0,0.0174675462198357
26123,2022,0.04878471970025447,0.0314424177667073,0.0,0.017342301933547168
26123,2023,0.051032797486892295,0.032744631443867085,0.0,0.018288166043025213
26095,2014,,0.03238095238095238,,0.0
26095,2015,,0.033479224007035235,,0.0
26095,2016,,0.03452334321854454,,0.0
26095,2017,,0.03550908837737939,,0.0
26095,2018,,0.03658023487800513,,0.0
26095,2019,,0.03759515972545165,,0.0
26095,2020,,0.036498287159040715,,0.0
26095,2021,,0.03837007735372726,,0.0
26095,2022,,0.039664682056495704,,0.0
26095,2023,,0.04130742759398597,,0.0
26081,2014,0.1479038925560657,0.048841981117883855,0.06834086491885745,0.030721046519324384
26081,2015,0.15076087215948544,0.050498564945078525,0.06931967167074775,0.030942635543659173
26081,2016,0.1542975324813418,0.05207346769078515,0.07102854830358353,0.031195516486973114
26081,2017,0.15704216894306958,0.0535603216248028,0.07212998437379703,0.03135186294446976
26081,2018,0.15946213182736493,0.055175991125271974,0.07274995807818886,0.03153618262390409
26081,2019,0.16206588242279663,0.05670685839723689,0.07367196325178414,0.031687060773775574
26081,2020,0.1576921110935265,0.05505238484911229,0.07254135025749701,0.03009837598691718
26081,2021,0.1589009449975667,0.05787570950831218,0.07263613932856376,0.02838909616069077
26081,2022,0.1610370334576336,0.05982843337213946,0.0730230569620917,0.028185543123402424
26081,2023,0.16776201632780494,0.062306277308897304,0.07573293205655654,0.029722806962351113
